1785327603658180	200	4896
1785327603658265	200	6777
1785327603663107	200	3974
1785327603665063	200	2716
1785327603667092	200	1561
1785327603667790	200	1353
1785327603668667	200	1285
1785327603669150	200	1521
1785327603669961	200	1509
1785327603670683	200	1436
1785327603671476	200	1461
1785327603672129	200	1532
1785327603672946	200	1479
1785327603673671	200	1392
1785327603674430	200	1418
1785327603675073	200	1566
1785327603675858	200	1470
1785327603676649	200	877
1785327603677334	200	696
1785327603677533	200	800
1785327603678040	200	738
1785327603678339	200	901
1785327603678789	200	793
1785327603679248	200	754
1785327603679588	200	1079
1785327603680024	200	886
1785327603680678	200	797
1785327603680917	200	759
1785327603681481	200	732
1785327603681688	200	1040
1785327603682219	200	695
1785327603682739	200	602
1785327603682920	200	779
1785327603683348	200	659
1785327603683708	200	1379
1785327603684023	200	1512
1785327603685099	200	941
1785327603685543	200	909
1785327603686050	200	786
1785327603686458	200	811
1785327603686846	200	859
1785327603687276	200	700
1785327603687715	200	859
1785327603687981	200	949
1785327603688579	200	989
1785327603688940	200	925
1785327603689574	200	846
1785327603689876	200	805
1785327603690426	200	758
1785327603690691	200	783
1785327603691189	200	809
1785327603691479	200	883
1785327603692008	200	1059
1785327603692368	200	1083
1785327603693077	200	1278
1785327603693458	200	902
1785327603695641	200	818
1785327603695686	200	1050
1785327603696465	200	747
1785327603696745	200	796
1785327603697217	200	756
1785327603697547	200	658
1785327603697982	200	737
1785327603698210	200	753
1785327603698728	200	726
1785327603698969	200	829
1785327603699459	200	823
1785327603699808	200	811
1785327603700287	200	914
1785327603700628	200	940
1785327603701206	200	1201
1785327603701573	200	1220
1785327603702416	200	856
1785327603702801	200	623
1785327603703277	200	581
1785327603703429	200	600
1785327603704034	200	421
1785327603703867	200	847
1785327603704459	200	621
1785327603704722	200	670
1785327603705085	200	701
1785327603705397	200	1158
1785327603705795	200	1076
1785327603706561	200	693
1785327603706879	200	590
1785327603707259	200	589
1785327603707474	200	706
1785327603707856	200	698
1785327603708185	200	668
1785327603708559	200	712
1785327603708862	200	650
1785327603709277	200	534
1785327603709536	200	668
1785327603709819	200	702
1785327603710526	200	735
1785327603710192	200	1449
1785327603711270	200	719
1785327603711650	200	647
1785327603711994	200	747
1785327603712302	200	763
1785327603712782	200	668
1785327603713070	200	682
1785327603713455	200	785
1785327603713760	200	677
1785327603714443	200	1879
1785327603714247	200	2126
1785327603716333	200	638
1785327603716378	200	964
1785327603716979	200	588
1785327603717348	200	696
1785327603717573	200	747
1785327603718053	200	798
1785327603718325	200	761
1785327603719092	200	547
1785327603718860	200	1216
1785327603719649	200	723
1785327603720082	200	671
1785327603720377	200	685
1785327603720761	200	779
1785327603721066	200	814
1785327603721889	200	852
1785327603721545	200	1363
1785327603722749	200	604
1785327603722936	200	889
1785327603723358	200	650
1785327603724021	200	635
1785327603723861	200	1032
1785327603724653	200	665
1785327603724907	200	976
1785327603725326	200	746
1785327603725907	200	950
1785327603726078	200	905
1785327603726888	200	938
1785327603727001	200	916
1785327603727853	200	783
1785327603727922	200	899
1785327603728669	200	898
1785327603728832	200	787
1785327603729625	200	628
1785327603729577	200	1069
1785327603730262	200	637
1785327603730907	200	707
1785327603730663	200	1532
1785327603731619	200	754
1785327603732219	200	820
1785327603732378	200	716
1785327603733062	200	775
1785327603733098	200	910
1785327603733859	200	791
1785327603734021	200	1122
1785327603734660	200	759
1785327603735152	200	687
1785327603735428	200	780
1785327603735849	200	583
1785327603736218	200	706
1785327603736436	200	620
1785327603736942	200	691
1785327603737061	200	671
1785327603737649	200	776
1785327603737737	200	734
1785327603738430	200	556
1785327603738475	200	724
1785327603738996	200	586
1785327603739204	200	575
1785327603739604	200	574
1785327603739790	200	721
1785327603740184	200	735
1785327603740517	200	661
1785327603740929	200	538
1785327603741183	200	517
1785327603741473	200	577
1785327603741708	200	706
1785327603742056	200	788
1785327603742418	200	702
1785327603742853	200	609
1785327603743125	200	666
1785327603743468	200	1093
1785327603743799	200	902
1785327603744566	200	555
1785327603744708	200	704
1785327603745127	200	716
1785327603745416	200	569
1785327603745852	200	603
1785327603745991	200	620
1785327603746461	200	607
1785327603746615	200	715
1785327603747078	200	615
1785327603747335	200	570
1785327603747703	200	628
1785327603747909	200	645
1785327603748336	200	683
1785327603748557	200	706
1785327603749027	200	577
1785327603749268	200	633
1785327603749611	200	724
1785327603749906	200	653
1785327603750340	200	630
1785327603750563	200	688
1785327603750977	200	717
1785327603751256	200	766
1785327603751701	200	808
1785327603752027	200	789
1785327603752514	200	736
1785327603752823	200	626
1785327603753255	200	702
1785327603753453	200	788
1785327603753994	200	731
1785327603754246	200	789
1785327603754733	200	782
1785327603755041	200	742
1785327603755520	200	710
1785327603755790	200	634
1785327603756234	200	797
1785327603756429	200	908
1785327603757040	200	654
1785327603757341	200	668
1785327603757701	200	743
1785327603758019	200	763
1785327603758448	200	771
1785327603758790	200	631
1785327603759224	200	599
1785327603759425	200	635
1785327603759830	200	655
1785327603760066	200	716
1785327603760508	200	610
1785327603760790	200	613
1785327603761122	200	665
1785327603761407	200	592
1785327603761794	200	607
1785327603762003	200	678
1785327603762405	200	667
1785327603762689	200	647
1785327603763076	200	630
1785327603763341	200	581
1785327603763713	200	641
1785327603763926	200	627
1785327603764358	200	587
1785327603764557	200	690
1785327603764951	200	665
1785327603765252	200	635
1785327603765623	200	656
1785327603765891	200	591
1785327603766283	200	710
1785327603766486	200	744
1785327603767000	200	714
1785327603767234	200	693
1785327603767721	200	699
1785327603767932	200	726
1785327603768424	200	705
1785327603768666	200	1226
1785327603769134	200	1275
1785327603769899	200	704
1785327603770413	200	541
1785327603770608	200	572
1785327603770961	200	511
1785327603771184	200	484
1785327603771476	200	492
1785327603771675	200	507
1785327603771972	200	508
1785327603772186	200	587
1785327603772484	200	522
1785327603772780	200	446
1785327603773010	200	544
1785327603773230	200	526
1785327603773558	200	452
1785327603773763	200	547
1785327603774021	200	525
1785327603774314	200	550
1785327603774550	200	701
1785327603774871	200	557
1785327603775256	200	561
1785327603775432	200	572
1785327603775823	200	509
1785327603776009	200	508
1785327603776336	200	473
1785327603776522	200	471
1785327603776816	200	582
1785327603776997	200	557
1785327603777402	200	480
1785327603777558	200	823
1785327603777889	200	805
1785327603778385	200	593
1785327603778701	200	674
1785327603778982	200	578
1785327603779564	200	492
1785327603779378	200	1027
1785327603780063	200	518
1785327603780586	200	385
1785327603780409	200	949
1785327603780978	200	588
1785327603781571	200	439
1785327603781362	200	1031
1785327603782025	200	558
1785327603782397	200	683
1785327603782587	200	898
1785327603783087	200	834
1785327603783513	200	571
1785327603784088	200	452
1785327603783930	200	989
1785327603784545	200	618
1785327603784926	200	584
1785327603785167	200	525
1785327603785516	200	537
1785327603785699	200	566
1785327603786057	200	755
1785327603786270	200	786
1785327603786819	200	692
1785327603787060	200	777
1785327603787515	200	722
1785327603787844	200	701
1785327603788272	200	563
1785327603788550	200	651
1785327603788843	200	711
1785327603789206	200	647
1785327603789558	200	767
1785327603789861	200	1050
1785327603790329	200	1022
1785327603790920	200	633
1785327603791356	200	545
1785327603791557	200	515
1785327603791909	200	576
1785327603792077	200	703
1785327603792509	200	604
1785327603792786	200	520
1785327603793117	200	544
1785327603793311	200	601
1785327603793669	200	787
1785327603793928	200	843
1785327603794461	200	640
1785327603794779	200	743
1785327603795105	200	824
1785327603795536	200	762
1785327603795937	200	780
1785327603796303	200	764
1785327603796724	200	714
1785327603797071	200	696
1785327603797443	200	740
1785327603797775	200	704
1785327603798187	200	687
1785327603798484	200	712
1785327603798882	200	630
1785327603799200	200	673
1785327603799516	200	765
1785327603799881	200	630
1785327603800286	200	629
1785327603800517	200	742
1785327603800922	200	680
1785327603801264	200	650
1785327603801617	200	705
1785327603801919	200	661
1785327603802326	200	933
1785327603802584	200	928
1785327603803266	200	629
1785327603803516	200	739
1785327603803902	200	692
1785327603804260	200	708
1785327603804599	200	817
1785327603804977	200	821
1785327603805420	200	823
1785327603805806	200	611
1785327603806248	200	672
1785327603806421	200	901
1785327603806927	200	584
1785327603807328	200	485
1785327603807516	200	794
1785327603807823	200	538
1785327603808314	200	542
1785327603808367	200	675
1785327603808863	200	506
1785327603809046	200	552
1785327603809373	200	536
1785327603809607	200	601
1785327603809913	200	602
1785327603810212	200	665
1785327603810520	200	805
1785327603810886	200	584
1785327603811329	200	584
1785327603811474	200	632
1785327603811920	200	731
1785327603812111	200	735
1785327603812659	200	637
1785327603812851	200	819
1785327603813300	200	710
1785327603813678	200	666
1785327603814020	200	709
1785327603814348	200	936
1785327603814736	200	863
1785327603815288	200	629
1785327603815603	200	705
1785327603815925	200	738
1785327603816312	200	707
1785327603816670	200	683
1785327603817024	200	665
1785327603817357	200	680
1785327603817696	200	689
1785327603818041	200	567
1785327603818389	200	572
1785327603818615	200	617
1785327603818966	200	644
1785327603819236	200	605
1785327603819616	200	610
1785327603819845	200	588
1785327603820230	200	651
1785327603820438	200	686
1785327603820888	200	563
1785327603821129	200	660
1785327603821455	200	748
1785327603821796	200	599
1785327603822207	200	672
1785327603822400	200	817
1785327603822916	200	542
1785327603823222	200	557
1785327603823463	200	544
1785327603823787	200	556
1785327603824011	200	577
1785327603824348	200	541
1785327603824591	200	560
1785327603824896	200	651
1785327603825156	200	746
1785327603825552	200	693
1785327603825909	200	638
1785327603826249	200	1110
1785327603826551	200	1132
1785327603827367	200	707
1785327603827690	200	778
1785327603828080	200	662
1785327603828473	200	637
1785327603828750	200	552
1785327603829114	200	429
1785327603829306	200	536
1785327603829546	200	532
1785327603829849	200	472
1785327603830083	200	688
1785327603830325	200	673
1785327603830779	200	557
1785327603831004	200	569
1785327603831339	200	632
1785327603831577	200	627
1785327603831979	200	565
1785327603832209	200	541
1785327603832548	200	663
1785327603832757	200	654
1785327603833215	200	629
1785327603833415	200	770
1785327603833851	200	658
1785327603834190	200	627
1785327603834513	200	651
1785327603834823	200	734
1785327603835169	200	778
1785327603835562	200	654
1785327603835954	200	473
1785327603836221	200	401
1785327603836431	200	524
1785327603836628	200	773
1785327603836959	200	718
1785327603837684	200	1615
1785327603837406	200	2022
1785327603839306	200	621
1785327603839435	200	816
1785327603839934	200	578
1785327603840256	200	558
1785327603840517	200	570
1785327603840822	200	490
1785327603841092	200	646
1785327603841318	200	536
1785327603841745	200	607
1785327603841858	200	799
1785327603842356	200	676
1785327603842664	200	665
1785327603843037	200	662
1785327603843334	200	694
1785327603843706	200	699
1785327603844032	200	546
1785327603844410	200	517
1785327603844583	200	601
1785327603844934	200	491
1785327603845188	200	483
1785327603845678	200	546
1785327603845429	200	1051
1785327603846228	200	706
1785327603846485	200	859
1785327603846941	200	569
1785327603847348	200	557
1785327603847514	200	725
1785327603847912	200	633
1785327603848244	200	620
1785327603848549	200	679
1785327603848872	200	594
1785327603849233	200	652
1785327603849470	200	738
1785327603849892	200	711
1785327603850226	200	987
1785327603850610	200	864
1785327603851218	200	566
1785327603851485	200	727
1785327603851791	200	600
1785327603852217	200	534
1785327603852396	200	587
1785327603852758	200	546
1785327603852987	200	488
1785327603853308	200	615
1785327603853479	200	669
1785327603853930	200	652
1785327603854153	200	692
1785327603854586	200	512
1785327603854853	200	556
1785327603855413	200	560
1785327603855102	200	1169
1785327603855981	200	814
1785327603856276	200	751
1785327603857062	200	545
1785327603856802	200	1074
1785327603857614	200	951
1785327603857882	200	850
1785327603858570	200	671
1785327603858739	200	674
1785327603859245	200	682
1785327603859418	200	746
1785327603859934	200	735
1785327603860168	200	726
1785327603860899	200	585
1785327603860676	200	1054
1785327603861506	200	794
1785327603861738	200	947
1785327603862287	200	780
1785327603862692	200	784
1785327603863071	200	1066
1785327603863480	200	1171
1785327603864145	200	721
1785327603864658	200	405
1785327603864870	200	555
1785327603865068	200	726
1785327603865429	200	531
1785327603865803	200	479
1785327603865964	200	470
1785327603866284	200	501
1785327603866448	200	481
1785327603866795	200	502
1785327603866933	200	518
1785327603867298	200	505
1785327603867456	200	518
1785327603867810	200	468
1785327603867978	200	428
1785327603868281	200	546
1785327603868411	200	559
1785327603868834	200	484
1785327603868973	200	499
1785327603869477	200	416
1785327603869322	200	978
1785327603869900	200	518
1785327603870305	200	492
1785327603870422	200	543
1785327603870803	200	558
1785327603870969	200	645
1785327603871375	200	549
1785327603871623	200	580
1785327603871928	200	489
1785327603872207	200	492
1785327603872421	200	548
1785327603872706	200	519
1785327603872973	200	542
1785327603873229	200	1056
1785327603873518	200	1126
1785327603874292	200	526
1785327603874652	200	552
1785327603874822	200	571
1785327603875208	200	484
1785327603875397	200	528
1785327603875699	200	569
1785327603875930	200	479
1785327603876271	200	538
1785327603876413	200	560
1785327603876816	200	514
1785327603876978	200	497
1785327603877334	200	503
1785327603877478	200	521
1785327603877844	200	546
1785327603878004	200	569
1785327603878394	200	525
1785327603878578	200	558
1785327603878926	200	521
1785327603879140	200	464
1785327603879451	200	577
1785327603879611	200	637
1785327603880032	200	553
1785327603880252	200	564
1785327603880589	200	457
1785327603880824	200	551
1785327603881051	200	545
1785327603881379	200	512
1785327603881603	200	588
1785327603881896	200	487
1785327603882194	200	545
1785327603882387	200	636
1785327603882746	200	634
1785327603883028	200	632
1785327603883385	200	578
1785327603883667	200	565
1785327603883966	200	863
1785327603884236	200	896
1785327603884836	200	565
1785327603885137	200	577
1785327603885404	200	618
1785327603885722	200	573
1785327603886026	200	595
1785327603886298	200	594
1785327603886628	200	617
1785327603886897	200	558
1785327603887249	200	591
1785327603887459	200	693
1785327603887847	200	539
1785327603888157	200	391
1785327603888419	200	465
1785327603888552	200	647
1785327603888891	200	661
1785327603889205	200	629
1785327603889557	200	822
1785327603889842	200	774
1785327603890384	200	592
1785327603890623	200	558
1785327603890980	200	535
1785327603891186	200	632
1785327603891519	200	666
1785327603891826	200	573
1785327603892189	200	626
1785327603892403	200	675
1785327603892823	200	617
1785327603893083	200	651
1785327603893444	200	702
1785327603893741	200	663
1785327603894150	200	676
1785327603894409	200	726
1785327603894834	200	624
1785327603895140	200	908
1785327603895464	200	995
1785327603896056	200	723
1785327603896463	200	730
1785327603896786	200	635
1785327603897199	200	626
1785327603897426	200	629
1785327603897832	200	625
1785327603898059	200	708
1785327603898462	200	655
1785327603898774	200	631
1785327603899122	200	668
1785327603899409	200	600
1785327603899798	200	585
1785327603900020	200	595
1785327603900387	200	562
1785327603900622	200	643
1785327603900953	200	636
1785327603901270	200	567
1785327603901593	200	559
1785327603901844	200	554
1785327603902156	200	563
1785327603902413	200	582
1785327603902726	200	651
1785327603903000	200	719
1785327603903381	200	799
1785327603903726	200	730
1785327603904185	200	669
1785327603904460	200	710
1785327603904862	200	578
1785327603905175	200	528
1785327603905444	200	624
1785327603905712	200	612
1785327603906073	200	589
1785327603906328	200	613
1785327603906669	200	574
1785327603906945	200	570
1785327603907248	200	823
1785327603907519	200	835
1785327603908079	200	592
1785327603908359	200	642
1785327603908678	200	732
1785327603909006	200	787
1785327603909800	200	4741
1785327603909414	200	5219
1785327603914551	200	688
1785327603914643	200	883
1785327603915243	200	655
1785327603915531	200	789
1785327603915906	200	578
1785327603916325	200	587
1785327603916488	200	641
1785327603916919	200	539
1785327603917134	200	525
1785327603917462	200	564
1785327603917667	200	645
1785327603918031	200	656
1785327603918317	200	597
1785327603918918	200	377
1785327603918695	200	891
1785327603919299	200	531
1785327603919590	200	597
1785327603919837	200	516
1785327603920192	200	499
1785327603920358	200	541
1785327603920697	200	573
1785327603920902	200	537
1785327603921274	200	591
1785327603921444	200	565
1785327603921873	200	536
1785327603922022	200	566
1785327603922414	200	598
1785327603922593	200	647
1785327603923245	200	579
1785327603923029	200	1215
1785327603923832	200	548
1785327603924248	200	496
1785327603924384	200	558
1785327603924753	200	576
1785327603924946	200	535
1785327603925333	200	566
1785327603925486	200	621
1785327603925940	200	426
1785327603926139	200	548
1785327603926371	200	717
1785327603926668	200	603
1785327603927093	200	586
1785327603927276	200	652
1785327603927688	200	668
1785327603927933	200	630
1785327603928361	200	589
1785327603928568	200	721
1785327603928957	200	645
1785327603929293	200	570
1785327603929610	200	675
1785327603929868	200	619
1785327603930289	200	658
1785327603930514	200	684
1785327603930955	200	566
1785327603931202	200	559
1785327603931526	200	649
1785327603931768	200	617
1785327603932179	200	501
1785327603932398	200	568
1785327603932687	200	610
1785327603932970	200	582
1785327603933301	200	585
1785327603933557	200	611
1785327603933893	200	612
1785327603934172	200	884
1785327603934510	200	911
1785327603935064	200	559
1785327603935425	200	563
1785327603935630	200	653
1785327603935992	200	617
1785327603936287	200	649
1785327603936616	200	682
1785327603936941	200	543
1785327603937302	200	570
1785327603937506	200	626
1785327603937880	200	542
1785327603938136	200	571
1785327603938426	200	586
1785327603938713	200	620
1785327603939021	200	675
1785327603939337	200	629
1785327603939702	200	590
1785327603939971	200	580
1785327603940304	200	561
1785327603940555	200	681
1785327603940872	200	687
1785327603941240	200	686
1785327603941563	200	776
1785327603941934	200	632
1785327603942343	200	621
1785327603942571	200	748
1785327603942971	200	602
1785327603943323	200	535
1785327603943576	200	620
1785327603943866	200	550
1785327603944200	200	545
1785327603944420	200	577
1785327603944752	200	644
1785327603945001	200	623
1785327603945400	200	600
1785327603945631	200	846
1785327603946003	200	823
1785327603946482	200	649
1785327603946834	200	581
1785327603947135	200	521
1785327603947419	200	565
1785327603947663	200	659
1785327603947988	200	669
1785327603948326	200	570
1785327603948663	200	601
1785327603948901	200	581
1785327603949268	200	560
1785327603949486	200	691
1785327603949835	200	624
1785327603950181	200	608
1785327603950463	200	714
1785327603950796	200	625
1785327603951181	200	668
1785327603951425	200	755
1785327603951856	200	617
1785327603952185	200	581
1785327603952477	200	618
1785327603952773	200	574
1785327603953098	200	571
1785327603953352	200	607
1785327603953676	200	647
1785327603953963	200	595
1785327603954327	200	577
1785327603954563	200	632
1785327603954911	200	574
1785327603955199	200	532
1785327603955507	200	567
1785327603955738	200	649
1785327603956079	200	640
1785327603956392	200	542
1785327603956726	200	624
1785327603956938	200	910
1785327603957379	200	814
1785327603957855	200	513
1785327603958198	200	567
1785327603958382	200	630
1785327603958772	200	614
1785327603959022	200	565
1785327603959390	200	557
1785327603959591	200	680
1785327603959954	200	602
1785327603960275	200	590
1785327603960561	200	707
1785327603960872	200	639
1785327603961272	200	600
1785327603961515	200	661
1785327603961892	200	631
1785327603962182	200	597
1785327603962526	200	637
1785327603962786	200	549
1785327603963168	200	537
1785327603963339	200	682
1785327603963713	200	682
1785327603964026	200	653
1785327603964398	200	640
1785327603964685	200	630
1785327603965043	200	623
1785327603965319	200	601
1785327603965674	200	604
1785327603965925	200	626
1785327603966281	200	645
1785327603966555	200	682
1785327603966934	200	621
1785327603967241	200	573
1785327603967559	200	646
1785327603967821	200	645
1785327603968209	200	747
1785327603968471	200	1096
1785327603968965	200	920
1785327603969572	200	605
1785327603969892	200	655
1785327603970181	200	616
1785327603970552	200	672
1785327603970805	200	543
1785327603971228	200	476
1785327603971352	200	609
1785327603971711	200	597
1785327603971965	200	611
1785327603972312	200	620
1785327603972582	200	638
1785327603972940	200	642
1785327603973224	200	548
1785327603973586	200	623
1785327603973779	200	619
1785327603974213	200	535
1785327603974403	200	634
1785327603974755	200	615
1785327603975041	200	554
1785327603975374	200	605
1785327603975599	200	669
1785327603975987	200	613
1785327603976273	200	591
1785327603976607	200	606
1785327603976868	200	557
1785327603977217	200	595
1785327603977430	200	723
1785327603977819	200	622
1785327603978157	200	536
1785327603978445	200	565
1785327603978699	200	580
1785327603979020	200	582
1785327603979284	200	597
1785327603979610	200	630
1785327603979885	200	840
1785327603980244	200	832
1785327603980732	200	616
1785327603981080	200	566
1785327603981352	200	569
1785327603981653	200	620
1785327603981924	200	745
1785327603982277	200	683
1785327603982677	200	740
1785327603982965	200	931
1785327603983421	200	606
1785327603983926	200	776
1785327603984031	200	720
1785327603984756	200	520
1785327603985280	200	518
1785327603984724	200	1313
1785327603985805	200	602
1785327603986052	200	772
1785327603986411	200	564
1785327603986980	200	632
1785327603986846	200	968
1785327603987616	200	627
1785327603987827	200	896
1785327603988250	200	601
1785327603988858	200	507
1785327603988837	200	899
1785327603989369	200	476
1785327603989748	200	720
1785327603989851	200	696
1785327603990552	200	425
1785327603990984	200	622
1785327603990480	200	1330
1785327603991610	200	445
1785327603991828	200	713
1785327603992059	200	676
1785327603992598	200	555
1785327603992744	200	568
1785327603993317	200	506
1785327603993172	200	1109
1785327603993831	200	504
1785327603994289	200	639
1785327603994339	200	644
1785327603994987	200	810
1785327603994947	200	857
1785327603995806	200	566
1785327603995811	200	928
1785327603996384	200	534
1785327603996760	200	588
1785327603996923	200	596
1785327603997360	200	670
1785327603997523	200	646
1785327603998048	200	567
1785327603998173	200	707
1785327603998632	200	694
1785327603998885	200	503
1785327603999340	200	628
1785327603999392	200	781
1785327603999985	200	625
1785327604000177	200	621
1785327604000628	200	665
1785327604000802	200	554
1785327604001305	200	589
1785327604001360	200	770
1785327604001900	200	557
1785327604002135	200	669
1785327604002461	200	615
1785327604002812	200	567
1785327604003081	200	687
1785327604003384	200	698
1785327604003775	200	739
1785327604004086	200	623
1785327604004520	200	575
1785327604004717	200	587
1785327604005100	200	803
1785327604005308	200	843
1785327604005910	200	574
1785327604006156	200	638
1785327604006488	200	595
1785327604006801	200	595
1785327604007088	200	746
1785327604007400	200	635
1785327604007841	200	579
1785327604008040	200	687
1785327604008424	200	588
1785327604008733	200	577
1785327604009022	200	607
1785327604009315	200	545
1785327604009637	200	645
1785327604009864	200	605
1785327604010293	200	634
1785327604010473	200	680
1785327604010934	200	440
1785327604011379	200	556
1785327604011942	200	422
1785327604012368	200	464
1785327604012846	200	506
1785327604013359	200	726
1785327604014092	200	592
1785327604014691	200	989
1785327604015685	200	620
1785327604016309	200	529
1785327604016844	200	517
1785327604017365	200	597
1785327604017968	200	476
1785327604018448	200	678
1785327604019133	200	477
1785327604019613	200	461
1785327604020081	200	523
1785327604020607	200	705
1785327604021318	200	565
1785327604021902	200	668
1785327604022574	200	2065
1785327604024646	200	641
1785327604025290	200	720
1785329600397062	200	3407
1785329600397142	200	4598
1785329600400500	200	2346
1785329600402854	200	2002
1785329600401753	200	3529
1785329600404902	200	1675
1785329600405304	200	2598
1785329600406602	200	2308
1785329600407929	200	2040
1785329600408933	200	2423
1785329600409993	200	2411
1785329600411381	200	1564
1785329600412421	200	2447
1785329600412962	200	2124
1785329600414891	200	863
1785329600415100	200	1007
1785329600415770	200	959
1785329600416124	200	1197
1785329600416744	200	823
1785329600417361	200	725
1785329600417581	200	964
1785329600418103	200	879
1785329600418559	200	919
1785329600418998	200	915
1785329600419494	200	863
1785329600419929	200	949
1785329600420371	200	987
1785329600420895	200	846
1785329600421373	200	633
1785329600421758	200	768
1785329600422020	200	810
1785329600422534	200	423
1785329600422839	200	467
1785329600422964	200	488
1785329600423314	200	451
1785329600423460	200	434
1785329600423774	200	464
1785329600423900	200	535
1785329600424443	200	649
1785329600424246	200	1087
1785329600425102	200	469
1785329600425341	200	513
1785329600425579	200	559
1785329600425864	200	463
1785329600426145	200	496
1785329600426334	200	535
1785329600426650	200	435
1785329600426878	200	476
1785329600427092	200	590
1785329600427361	200	476
1785329600427691	200	480
1785329600427844	200	550
1785329600428179	200	490
1785329600428402	200	520
1785329600428677	200	597
1785329600428929	200	572
1785329600429282	200	475
1785329600429508	200	447
1785329600429765	200	553
1785329600429962	200	631
1785329600430327	200	484
1785329600430601	200	448
1785329600430819	200	545
1785329600431057	200	557
1785329600431372	200	480
1785329600431622	200	526
1785329600431861	200	504
1785329600432165	200	385
1785329600432372	200	438
1785329600432554	200	519
1785329600432816	200	493
1785329600433078	200	475
1785329600433315	200	470
1785329600433558	200	488
1785329600433791	200	516
1785329600434051	200	819
1785329600434311	200	871
1785329600434877	200	571
1785329600435189	200	542
1785329600435454	200	765
1785329600435738	200	627
1785329600436225	200	361
1785329600436371	200	523
1785329600436592	200	530
1785329600436902	200	521
1785329600437128	200	496
1785329600437429	200	444
1785329600437631	200	585
1785329600437879	200	594
1785329600439288	200	595
1785329600439334	200	781
1785329600439901	200	456
1785329600440121	200	476
1785329600440363	200	545
1785329600440603	200	486
1785329600440914	200	518
1785329600441095	200	582
1785329600441439	200	437
1785329600441712	200	510
1785329600441882	200	632
1785329600442230	200	467
1785329600442521	200	438
1785329600442704	200	563
1785329600442965	200	546
1785329600443273	200	504
1785329600443517	200	468
1785329600443784	200	541
1785329600443991	200	547
1785329600444330	200	471
1785329600444544	200	456
1785329600444808	200	550
1785329600445006	200	537
1785329600445364	200	509
1785329600445549	200	894
1785329600445880	200	968
1785329600446448	200	485
1785329600446870	200	400
1785329600446938	200	551
1785329600447276	200	389
1785329600447496	200	355
1785329600447672	200	437
1785329600447857	200	482
1785329600448115	200	447
1785329600448345	200	482
1785329600448568	200	604
1785329600448833	200	617
1785329600449178	200	441
1785329600449456	200	512
1785329600449625	200	661
1785329600449976	200	574
1785329600450292	200	550
1785329600450555	200	614
1785329600450850	200	732
1785329600451175	200	542
1785329600451595	200	684
1785329600451726	200	748
1785329600452289	200	487
1785329600452481	200	436
1785329600452785	200	709
1785329600452923	200	731
1785329600453500	200	451
1785329600453662	200	500
1785329600453957	200	504
1785329600454168	200	548
1785329600454468	200	456
1785329600454734	200	536
1785329600454928	200	584
1785329600455274	200	449
1785329600455516	200	400
1785329600455731	200	488
1785329600455921	200	763
1785329600456224	200	730
1785329600456692	200	773
1785329600456959	200	710
1785329600457470	200	395
1785329600457677	200	427
1785329600457870	200	441
1785329600458108	200	409
1785329600458315	200	500
1785329600458521	200	565
1785329600458823	200	552
1785329600459090	200	527
1785329600459379	200	451
1785329600459625	200	437
1785329600459833	200	547
1785329600460065	200	495
1785329600460385	200	366
1785329600460564	200	362
1785329600460757	200	571
1785329600460929	200	587
1785329600461333	200	430
1785329600461521	200	368
1785329600461769	200	426
1785329600461893	200	500
1785329600462219	200	393
1785329600462396	200	498
1785329600462616	200	524
1785329600462900	200	558
1785329600463144	200	563
1785329600463462	200	497
1785329600463714	200	530
1785329600463962	200	529
1785329600464248	200	490
1785329600464496	200	556
1785329600464745	200	556
1785329600465056	200	494
1785329600465305	200	491
1785329600465554	200	758
1785329600465803	200	766
1785329600466316	200	534
1785329600466573	200	512
1785329600467090	200	991
1785329600466858	200	1411
1785329600468088	200	450
1785329600468273	200	537
1785329600468542	200	569
1785329600468818	200	659
1785329600469135	200	537
1785329600469482	200	382
1785329600469679	200	455
1785329600469867	200	629
1785329600470138	200	578
1785329600470501	200	452
1785329600470723	200	459
1785329600470957	200	452
1785329600471186	200	473
1785329600471413	200	387
1785329600471804	200	353
1785329600471667	200	759
1785329600472162	200	453
1785329600472430	200	481
1785329600472618	200	454
1785329600472918	200	466
1785329600473076	200	427
1785329600473506	200	304
1785329600473389	200	663
1785329600473817	200	445
1785329600474057	200	499
1785329600474266	200	456
1785329600474559	200	376
1785329600474728	200	567
1785329600474939	200	615
1785329600475300	200	515
1785329600475558	200	718
1785329600475821	200	852
1785329600476288	200	628
1785329600476681	200	425
1785329600476920	200	492
1785329600477110	200	558
1785329600477416	200	540
1785329600477675	200	558
1785329600477961	200	511
1785329600478237	200	558
1785329600478475	200	591
1785329600478801	200	528
1785329600479070	200	479
1785329600479333	200	494
1785329600479553	200	538
1785329600479833	200	534
1785329600480094	200	556
1785329600480371	200	515
1785329600480657	200	534
1785329600480890	200	568
1785329600481195	200	511
1785329600481462	200	494
1785329600481714	200	539
1785329600481959	200	579
1785329600482257	200	482
1785329600482542	200	450
1785329600482745	200	603
1785329600482996	200	599
1785329600483352	200	511
1785329600483598	200	588
1785329600483870	200	796
1785329600484190	200	551
1785329600484673	200	419
1785329600484744	200	547
1785329600485096	200	567
1785329600485295	200	582
1785329600485670	200	476
1785329600485881	200	605
1785329600486150	200	764
1785329600486491	200	681
1785329600486920	200	549
1785329600487175	200	468
1785329600487474	200	324
1785329600487647	200	424
1785329600487804	200	458
1785329600488074	200	500
1785329600488266	200	530
1785329600488579	200	489
1785329600488803	200	507
1785329600489071	200	507
1785329600489314	200	465
1785329600489582	200	438
1785329600489785	200	457
1785329600490024	200	464
1785329600490246	200	455
1785329600490491	200	407
1785329600490707	200	541
1785329600490901	200	609
1785329600491252	200	451
1785329600491514	200	430
1785329600491710	200	508
1785329600491948	200	519
1785329600492223	200	468
1785329600492471	200	426
1785329600492697	200	520
1785329600492900	200	562
1785329600493221	200	436
1785329600493466	200	455
1785329600493664	200	523
1785329600493925	200	524
1785329600494190	200	484
1785329600494459	200	412
1785329600494681	200	500
1785329600494875	200	549
1785329600495185	200	681
1785329600495427	200	747
1785329600495928	200	446
1785329600496179	200	443
1785329600496384	200	424
1785329600496630	200	3602
1785329600500240	200	1275
1785329600496812	200	4852
1785329600501520	200	415
1785329600501671	200	585
1785329600501939	200	575
1785329600502260	200	524
1785329600502533	200	483
1785329600502792	200	651
1785329600503019	200	734
1785329600503447	200	623
1785329600503760	200	652
1785329600504074	200	661
1785329600504416	200	647
1785329600504742	200	665
1785329600505067	200	633
1785329600505411	200	604
1785329600505707	200	762
1785329600506019	200	802
1785329600506472	200	692
1785329600506829	200	687
1785329600507169	200	684
1785329600507519	200	670
1785329600507859	200	683
1785329600508194	200	689
1785329600508546	200	737
1785329600508889	200	719
1785329600509287	200	665
1785329600509613	200	735
1785329600509959	200	719
1785329600510352	200	684
1785329600510685	200	708
1785329600511039	200	661
1785329600511396	200	921
1785329600511707	200	953
1785329600512321	200	628
1785329600512667	200	675
1785329600512953	200	707
1785329600513347	200	618
1785329600513667	200	676
1785329600513968	200	690
1785329600514346	200	628
1785329600514665	200	674
1785329600514978	200	676
1785329600515342	200	621
1785329600515661	200	683
1785329600515967	200	708
1785329600516348	200	627
1785329600516681	200	658
1785329600516978	200	681
1785329600517343	200	611
1785329600517666	200	676
1785329600517958	200	702
1785329600518345	200	629
1785329600518667	200	637
1785329600518978	200	591
1785329600519307	200	533
1785329600519573	200	596
1785329600519847	200	661
1785329600520173	200	662
1785329600520513	200	656
1785329600520842	200	691
1785329600521173	200	645
1785329600521537	200	687
1785329600521825	200	656
1785329600522228	200	586
1785329600522485	200	734
1785329600522821	200	721
1785329600523223	200	614
1785329600523546	200	699
1785329600523845	200	917
1785329600524250	200	762
1785329600524768	200	644
1785329600525016	200	571
1785329600525416	200	438
1785329600525591	200	533
1785329600525862	200	558
1785329600526128	200	529
1785329600526423	200	449
1785329600526663	200	509
1785329600526876	200	599
1785329600527177	200	479
1785329600527479	200	408
1785329600527662	200	482
1785329600527891	200	520
1785329600528148	200	489
1785329600528415	200	412
1785329600528643	200	479
1785329600528831	200	701
1785329600529126	200	613
1785329600529536	200	392
1785329600529746	200	436
1785329600529933	200	523
1785329600530186	200	498
1785329600530460	200	448
1785329600530690	200	581
1785329600530911	200	568
1785329600531275	200	575
1785329600531605	200	362
1785329600531857	200	419
1785329600531970	200	529
1785329600532281	200	457
1785329600532504	200	454
1785329600532745	200	528
1785329600532962	200	544
1785329600533277	200	463
1785329600533510	200	399
1785329600533747	200	523
1785329600533913	200	764
1785329600534274	200	761
1785329600534693	200	654
1785329600535052	200	569
1785329600535354	200	494
1785329600535628	200	536
1785329600535860	200	588
1785329600536170	200	496
1785329600536454	200	420
1785329600536677	200	487
1785329600536879	200	588
1785329600537170	200	532
1785329600537473	200	507
1785329600537713	200	571
1785329600537986	200	513
1785329600538289	200	490
1785329600538505	200	467
1785329600538789	200	527
1785329600538977	200	575
1785329600539322	200	483
1785329600539574	200	510
1785329600539815	200	494
1785329600540090	200	476
1785329600540315	200	488
1785329600540572	200	416
1785329600540813	200	613
1785329600540993	200	596
1785329600541432	200	534
1785329600541595	200	545
1785329600541977	200	471
1785329600542145	200	549
1785329600542454	200	555
1785329600542705	200	624
1785329600543013	200	581
1785329600543333	200	503
1785329600543598	200	484
1785329600543843	200	500
1785329600544086	200	486
1785329600544347	200	662
1785329600544577	200	756
1785329600545016	200	567
1785329600545338	200	451
1785329600545587	200	445
1785329600545795	200	493
1785329600546037	200	510
1785329600546292	200	458
1785329600546550	200	415
1785329600546757	200	516
1785329600546969	200	516
1785329600547277	200	438
1785329600547489	200	452
1785329600547721	200	544
1785329600547944	200	557
1785329600548269	200	432
1785329600548504	200	422
1785329600548708	200	469
1785329600548931	200	520
1785329600549181	200	487
1785329600549455	200	398
1785329600549675	200	414
1785329600549857	200	522
1785329600550092	200	471
1785329600550383	200	394
1785329600550629	200	393
1785329600550783	200	480
1785329600551025	200	462
1785329600551266	200	449
1785329600551491	200	420
1785329600551722	200	466
1785329600551915	200	517
1785329600552192	200	481
1785329600552435	200	422
1785329600552679	200	426
1785329600552861	200	491
1785329600553108	200	530
1785329600553356	200	428
1785329600553644	200	613
1785329600553787	200	721
1785329600554260	200	480
1785329600554512	200	436
1785329600554747	200	501
1785329600554951	200	500
1785329600555252	200	435
1785329600555454	200	435
1785329600555693	200	487
1785329600555892	200	505
1785329600556184	200	453
1785329600556401	200	428
1785329600556642	200	432
1785329600556838	200	582
1785329600557190	200	370
1785329600557425	200	328
1785329600557564	200	384
1785329600557759	200	459
1785329600557951	200	506
1785329600558222	200	452
1785329600558461	200	421
1785329600558680	200	447
1785329600558885	200	505
1785329600559130	200	504
1785329600559394	200	417
1785329600559640	200	416
1785329600559814	200	486
1785329600560058	200	467
1785329600560303	200	449
1785329600560528	200	424
1785329600560757	200	480
1785329600560956	200	525
1785329600561241	200	505
1785329600561484	200	436
1785329600561752	200	432
1785329600561924	200	509
1785329600562187	200	485
1785329600562436	200	653
1785329600562678	200	667
1785329600563093	200	464
1785329600563348	200	451
1785329600563561	200	466
1785329600563805	200	471
1785329600564031	200	461
1785329600564279	200	452
1785329600564495	200	452
1785329600564738	200	550
1785329600564950	200	549
1785329600565291	200	432
1785329600565503	200	449
1785329600565730	200	489
1785329600565956	200	491
1785329600566223	200	447
1785329600566451	200	407
1785329600566677	200	473
1785329600566860	200	536
1785329600567160	200	450
1785329600567400	200	430
1785329600567613	200	469
1785329600567837	200	482
1785329600568086	200	441
1785329600568322	200	425
1785329600568530	200	428
1785329600568753	200	512
1785329600568962	200	518
1785329600569269	200	416
1785329600569484	200	434
1785329600569691	200	472
1785329600569921	200	558
1785329600570167	200	488
1785329600570483	200	338
1785329600570662	200	326
1785329600570824	200	397
1785329600570991	200	382
1785329600571225	200	363
1785329600571377	200	582
1785329600571591	200	679
1785329600571965	200	499
1785329600572274	200	379
1785329600572467	200	341
1785329600572660	200	428
1785329600572812	200	525
1785329600573091	200	401
1785329600573341	200	402
1785329600573496	200	401
1785329600573748	200	433
1785329600573900	200	489
1785329600574184	200	471
1785329600574393	200	363
1785329600574661	200	358
1785329600574759	200	460
1785329600575023	200	435
1785329600575223	200	415
1785329600575461	200	386
1785329600575644	200	427
1785329600575851	200	450
1785329600576074	200	405
1785329600576303	200	397
1785329600576482	200	379
1785329600576864	200	246
1785329600576706	200	627
1785329600577113	200	360
1785329600577337	200	359
1785329600577477	200	383
1785329600577863	200	257
1785329600577702	200	615
1785329600578123	200	366
1785329600578320	200	387
1785329600578492	200	434
1785329600578713	200	478
1785329600578930	200	536
1785329600579194	200	516
1785329600579628	200	561
1785329600579716	200	673
1785329600580194	200	411
1785329600580393	200	435
1785329600580608	200	496
1785329600580834	200	496
1785329600581108	200	555
1785329600581334	200	488
1785329600581670	200	372
1785329600581825	200	440
1785329600582045	200	480
1785329600582269	200	444
1785329600582528	200	429
1785329600582719	200	457
1785329600582961	200	557
1785329600583179	200	576
1785329600583522	200	392
1785329600583762	200	358
1785329600583917	200	498
1785329600584123	200	499
1785329600584419	200	397
1785329600584626	200	318
1785329600584823	200	369
1785329600584948	200	398
1785329600585196	200	402
1785329600585349	200	400
1785329600585601	200	359
1785329600585754	200	431
1785329600585964	200	424
1785329600586189	200	335
1785329600586391	200	351
1785329600586527	200	341
1785329600586748	200	418
1785329600586871	200	457
1785329600587177	200	408
1785329600587331	200	438
1785329600587776	200	693
1785329600587589	200	1114
1785329600588483	200	362
1785329600588710	200	459
1785329600588848	200	483
1785329600589173	200	764
1785329600589335	200	751
1785329600589953	200	2747
1785329600590093	200	2664
1785329600592718	200	2184
1785329600592766	200	2316
1785329600594919	200	644
1785329600595089	200	663
1785329600595572	200	507
1785329600595762	200	552
1785329600596087	200	553
1785329600596321	200	537
1785329600596660	200	728
1785329600596863	200	663
1785329600597398	200	951
1785329600597532	200	878
1785329600598415	200	816
1785329600598368	200	994
1785329600599241	200	626
1785329600599372	200	704
1785329600599878	200	506
1785329600600086	200	567
1785329600600389	200	476
1785329600600671	200	739
1785329600600870	200	653
1785329600601529	200	785
1785329600601420	200	1048
1785329600602325	200	765
1785329600602478	200	858
1785329600603099	200	593
1785329600603347	200	575
1785329600603703	200	712
1785329600603932	200	767
1785329600604421	200	552
1785329600604917	200	711
1785329600604978	200	722
1785329600605637	200	663
1785329600605706	200	708
1785329600606309	200	390
1785329600606418	200	520
1785329600606708	200	472
1785329600606942	200	460
1785329600607186	200	457
1785329600607406	200	423
1785329600607652	200	469
1785329600607833	200	554
1785329600608127	200	457
1785329600608391	200	434
1785329600608590	200	545
1785329600608832	200	582
1785329600609140	200	445
1785329600609418	200	408
1785329600609590	200	466
1785329600609832	200	421
1785329600610062	200	433
1785329600610257	200	491
1785329600610501	200	474
1785329600610755	200	411
1785329600610980	200	464
1785329600611170	200	494
1785329600611450	200	436
1785329600611671	200	414
1785329600612098	200	479
1785329600612128	200	614
1785329600612581	200	342
1785329600612752	200	474
1785329600612928	200	519
1785329600613232	200	408
1785329600613450	200	691
1785329600613649	200	710
1785329600614145	200	384
1785329600614365	200	418
1785329600614533	200	438
1785329600614792	200	498
1785329600614976	200	535
1785329600615295	200	564
1785329600615514	200	442
1785329600615869	200	448
1785329600615960	200	580
1785329600616321	200	331
1785329600616544	200	395
1785329600616659	200	447
1785329600616943	200	461
1785329600617110	200	456
1785329600617407	200	372
1785329600617570	200	399
1785329600617785	200	456
1785329600617973	200	480
1785329600618245	200	423
1785329600618457	200	387
1785329600618673	200	421
1785329600618848	200	493
1785329600619097	200	464
1785329600619344	200	364
1785329600619565	200	394
1785329600619715	200	431
1785329600619963	200	492
1785329600620149	200	469
1785329600620459	200	360
1785329600620626	200	440
1785329600620822	200	532
1785329600621069	200	438
1785329600621358	200	424
1785329600621512	200	439
1785329600621788	200	459
1785329600621955	200	504
1785329600622251	200	626
1785329600622463	200	641
1785329600622883	200	476
1785329600623108	200	446
1785329600623363	200	437
1785329600623558	200	445
1785329600623807	200	494
1785329600624008	200	444
1785329600624305	200	486
1785329600624456	200	513
1785329600624799	200	383
1785329600624976	200	456
1785329600625186	200	465
1785329600625436	200	394
1785329600625658	200	393
1785329600625835	200	388
1785329600626054	200	404
1785329600626227	200	387
1785329600626461	200	363
1785329600626622	200	449
1785329600626828	200	494
1785329600627076	200	449
1785329600627325	200	471
1785329600627529	200	433
1785329600627802	200	449
1785329600627966	200	466
1785329600628255	200	409
1785329600628436	200	371
1785329600628670	200	462
1785329600628810	200	464
1785329600629135	200	366
1785329600629279	200	390
1785329600629505	200	424
1785329600629676	200	466
1785329600629933	200	497
1785329600630146	200	433
1785329600630434	200	411
1785329600630583	200	374
1785329600630852	200	608
1785329600630961	200	691
1785329600631463	200	438
1785329600631659	200	389
1785329600631904	200	409
1785329600632052	200	452
1785329600632317	200	352
1785329600632508	200	399
1785329600632675	200	462
1785329600632911	200	360
1785329600633141	200	401
1785329600633275	200	475
1785329600633545	200	440
1785329600633756	200	511
1785329600633989	200	532
1785329600634271	200	410
1785329600634525	200	467
1785329600634700	200	526
1785329600634995	200	462
1785329600635303	200	381
1785329600635461	200	472
1785329600635691	200	375
1785329600635937	200	431
1785329600636070	200	470
1785329600636373	200	412
1785329600636545	200	434
1785329600636792	200	540
1785329600636984	200	556
1785329600637336	200	421
1785329600637544	200	417
1785329600637764	200	486
1785329600637965	200	413
1785329600638253	200	359
1785329600638382	200	402
1785329600638618	200	467
1785329600638788	200	495
1785329600639089	200	443
1785329600639287	200	679
1785329600639535	200	748
1785329600639973	200	474
1785329600640287	200	439
1785329600640452	200	459
1785329600640733	200	425
1785329600640915	200	572
1785329600641162	200	503
1785329600641499	200	649
1785329600641672	200	649
1785329600642166	200	572
1785329600642325	200	606
1785329600642752	200	572
1785329600642934	200	629
1785329600643332	200	515
1785329600643567	200	572
1785329600643858	200	519
1785329600644144	200	472
1785329600644382	200	547
1785329600644623	200	468
1785329600644935	200	579
1785329600645095	200	656
1785329600645531	200	496
1785329600645758	200	466
1785329600646032	200	472
1785329600646228	200	459
1785329600646509	200	487
1785329600646694	200	631
1785329600647003	200	532
1785329600647329	200	528
1785329600647540	200	507
1785329600647866	200	542
1785329600648053	200	606
1785329600648412	200	477
1785329600648669	200	557
1785329600648893	200	544
1785329600649232	200	412
1785329600649441	200	452
1785329600649654	200	1072
1785329600649898	200	879
1785329600650737	200	690
1785329600650780	200	782
1785329600651432	200	537
1785329600651566	200	755
1785329600651978	200	588
1785329600652326	200	518
1785329600652572	200	539
1785329600652851	200	578
1785329600653117	200	474
1785329600653433	200	452
1785329600653597	200	524
1785329600653891	200	540
1785329600654125	200	485
1785329600654436	200	485
1785329600654614	200	514
1785329600654928	200	574
1785329600655132	200	524
1785329600655505	200	412
1785329600655663	200	457
1785329600655921	200	517
1785329600656124	200	535
1785329600656442	200	490
1785329600656667	200	468
1785329600656936	200	429
1785329600657139	200	462
1785329600657369	200	486
1785329600657606	200	470
1785329600657861	200	505
1785329600658080	200	488
1785329600658370	200	407
1785329600658572	200	438
1785329600659014	200	492
1785329600658783	200	727
1785329600659511	200	447
1785329600659965	200	453
1785329600659529	200	890
1785329600660423	200	1278
1785329600661708	200	649
1785329600660436	200	2025
1785329600662470	200	567
1785329600662528	200	693
1785329600663052	200	626
1785329600663226	200	523
1785329600663753	200	420
1785329600663694	200	776
1785329600664179	200	337
1785329600664480	200	565
1785329600664520	200	662
1785329600665082	200	550
1785329600665187	200	567
1785329600665762	200	530
1785329600665647	200	772
1785329600666295	200	515
1785329600666434	200	593
1785329600666818	200	622
1785329600667032	200	708
1785329600667445	200	421
1785329600667750	200	591
1785329600667870	200	598
1785329600668347	200	409
1785329600668472	200	485
1785329600668765	200	586
1785329600668961	200	529
1785329600669356	200	390
1785329600669494	200	419
1785329600669755	200	479
1785329600669918	200	522
1785329600670240	200	435
1785329600670444	200	348
1785329600670684	200	444
1785329600670795	200	503
1785329600671132	200	497
1785329600671303	200	535
1785329600671638	200	462
1785329600671842	200	460
1785329600672307	200	430
1785329600672104	200	935
1785329600672744	200	432
1785329600673045	200	470
1785329600673180	200	486
1785329600673521	200	473
1785329600673673	200	444
1785329600673999	200	479
1785329600674120	200	571
1785329600674483	200	438
1785329600674698	200	395
1785329600674926	200	495
1785329600675097	200	474
1785329600675426	200	389
1785329600675575	200	448
1785329600675825	200	577
1785329600676027	200	513
1785329600676408	200	481
1785329600676545	200	461
1785329600676898	200	418
1785329600677009	200	508
1785329600677321	200	463
1785329600677521	200	390
1785329600677791	200	435
1785329600677915	200	574
1785329600678231	200	515
1785329600678493	200	386
1785329600678752	200	424
1785329600678883	200	517
1785329600679223	200	507
1785329600679405	200	562
1785329600679737	200	453
1785329600679972	200	468
1785329600680220	200	630
1785329600680445	200	577
1785329600680858	200	553
1785329600681026	200	517
1785329600681416	200	450
1785329600681547	200	895
1785329600681874	200	928
1785329600682458	200	543
1785329600682809	200	418
1785329600682993	200	419
1785329600683232	200	1149
1785329600683417	200	1138
1785329600684388	200	478
1785329600684558	200	416
1785329600684873	200	440
1785329600684979	200	482
1785329600685318	200	381
1785329600685465	200	348
1785329600685706	200	517
1785329600685816	200	629
1785329600686228	200	518
1785329600686450	200	501
1785329600686753	200	522
1785329600686955	200	507
1785329600687280	200	2133
1785329600687466	200	2061
1785329600689421	200	447
1785329600689532	200	602
1785329600689872	200	2514
1785329600692396	200	660
1785329600693064	200	2408
1785329600695480	200	445
